{
    "name": "root",
    "gauges": {
        "PaddleBehavior.Policy.Entropy.mean": {
            "value": 1.4766210317611694,
            "min": 1.418938398361206,
            "max": 1.4787436723709106,
            "count": 500
        },
        "PaddleBehavior.Policy.Entropy.sum": {
            "value": 28572.6171875,
            "min": 20942.77734375,
            "max": 49920.10546875,
            "count": 500
        },
        "PaddleBehavior.Environment.EpisodeLength.mean": {
            "value": 1267.75,
            "min": 266.92957746478874,
            "max": 2853.75,
            "count": 500
        },
        "PaddleBehavior.Environment.EpisodeLength.sum": {
            "value": 5071.0,
            "min": 5071.0,
            "max": 40624.0,
            "count": 500
        },
        "PaddleBehavior.Self-play.ELO.mean": {
            "value": 1829.1525588688735,
            "min": 1192.7827546683095,
            "max": 1829.1525588688735,
            "count": 499
        },
        "PaddleBehavior.Self-play.ELO.sum": {
            "value": 9145.762794344368,
            "min": 1377.1885249029515,
            "max": 57552.85542203534,
            "count": 499
        },
        "PaddleBehavior.Policy.ExtrinsicValueEstimate.mean": {
            "value": -0.026028821244835854,
            "min": -0.5982579588890076,
            "max": 0.09905830025672913,
            "count": 500
        },
        "PaddleBehavior.Policy.ExtrinsicValueEstimate.sum": {
            "value": -0.26028820872306824,
            "min": -19.144254684448242,
            "max": 2.9473822116851807,
            "count": 500
        },
        "PaddleBehavior.Environment.CumulativeReward.mean": {
            "value": 0.5628979682922364,
            "min": -4.6984772980213165,
            "max": 0.8777279468143687,
            "count": 498
        },
        "PaddleBehavior.Environment.CumulativeReward.sum": {
            "value": 2.8144898414611816,
            "min": -122.88976886868477,
            "max": 20.733176708221436,
            "count": 498
        },
        "PaddleBehavior.Policy.ExtrinsicReward.mean": {
            "value": 0.5628979682922364,
            "min": -4.6984772980213165,
            "max": 0.8777279468143687,
            "count": 498
        },
        "PaddleBehavior.Policy.ExtrinsicReward.sum": {
            "value": 2.8144898414611816,
            "min": -122.88976886868477,
            "max": 20.733176708221436,
            "count": 498
        },
        "PaddleBehavior.IsTraining.mean": {
            "value": 1.0,
            "min": 1.0,
            "max": 1.0,
            "count": 500
        },
        "PaddleBehavior.IsTraining.sum": {
            "value": 1.0,
            "min": 1.0,
            "max": 1.0,
            "count": 500
        },
        "PaddleBehavior.Losses.PolicyLoss.mean": {
            "value": 0.02399397975144287,
            "min": 0.014561106582793098,
            "max": 0.03315963118026654,
            "count": 465
        },
        "PaddleBehavior.Losses.PolicyLoss.sum": {
            "value": 0.02399397975144287,
            "min": 0.014561106582793098,
            "max": 0.03315963118026654,
            "count": 465
        },
        "PaddleBehavior.Losses.ValueLoss.mean": {
            "value": 0.006179051178817948,
            "min": 0.0036943988253672917,
            "max": 0.9135885894298553,
            "count": 465
        },
        "PaddleBehavior.Losses.ValueLoss.sum": {
            "value": 0.006179051178817948,
            "min": 0.0036943988253672917,
            "max": 0.9135885894298553,
            "count": 465
        },
        "PaddleBehavior.Policy.LearningRate.mean": {
            "value": 2.676399108199995e-07,
            "min": 2.676399108199995e-07,
            "max": 0.0002993722202092599,
            "count": 465
        },
        "PaddleBehavior.Policy.LearningRate.sum": {
            "value": 2.676399108199995e-07,
            "min": 2.676399108199995e-07,
            "max": 0.0002993722202092599,
            "count": 465
        },
        "PaddleBehavior.Policy.Epsilon.mean": {
            "value": 0.10008917999999997,
            "min": 0.10008917999999997,
            "max": 0.19979074000000002,
            "count": 465
        },
        "PaddleBehavior.Policy.Epsilon.sum": {
            "value": 0.10008917999999997,
            "min": 0.10008917999999997,
            "max": 0.19979074000000002,
            "count": 465
        },
        "PaddleBehavior.Policy.Beta.mean": {
            "value": 1.4450081999999993e-05,
            "min": 1.4450081999999993e-05,
            "max": 0.004989557926000001,
            "count": 465
        },
        "PaddleBehavior.Policy.Beta.sum": {
            "value": 1.4450081999999993e-05,
            "min": 1.4450081999999993e-05,
            "max": 0.004989557926000001,
            "count": 465
        }
    },
    "metadata": {
        "timer_format_version": "0.1.0",
        "start_time_seconds": "1614493045",
        "python_version": "3.7.9 (default, Aug 31 2020, 07:22:35) \n[Clang 10.0.0 ]",
        "command_line_arguments": "/Users/edwardli/anaconda3/envs/ml-agents/bin/mlagents-learn config/paddle_config.yaml --run-id=rescaledreward",
        "mlagents_version": "0.24.0",
        "mlagents_envs_version": "0.24.0",
        "communication_protocol_version": "1.4.0",
        "pytorch_version": "1.7.1",
        "numpy_version": "1.18.5",
        "end_time_seconds": "1614498851"
    },
    "total": 5805.71691278,
    "count": 1,
    "self": 0.008059697000135202,
    "children": {
        "run_training.setup": {
            "total": 0.05637274399999992,
            "count": 1,
            "self": 0.05637274399999992
        },
        "TrainerController.start_learning": {
            "total": 5805.652480338999,
            "count": 1,
            "self": 14.422411407949767,
            "children": {
                "TrainerController._reset_env": {
                    "total": 17.257071278002424,
                    "count": 50,
                    "self": 17.257071278002424
                },
                "TrainerController.advance": {
                    "total": 5773.910816395047,
                    "count": 580266,
                    "self": 15.679149703344592,
                    "children": {
                        "env_step": {
                            "total": 4719.456599427968,
                            "count": 580266,
                            "self": 3799.400013824963,
                            "children": {
                                "SubprocessEnvManager._take_step": {
                                    "total": 911.4674825590341,
                                    "count": 580266,
                                    "self": 76.90844749798828,
                                    "children": {
                                        "TorchPolicy.evaluate": {
                                            "total": 834.5590350610458,
                                            "count": 1150540,
                                            "self": 171.3189436100971,
                                            "children": {
                                                "TorchPolicy.sample_actions": {
                                                    "total": 663.2400914509487,
                                                    "count": 1150540,
                                                    "self": 663.2400914509487
                                                }
                                            }
                                        }
                                    }
                                },
                                "workers": {
                                    "total": 8.589103043971061,
                                    "count": 580266,
                                    "self": 0.0,