{
    "name": "root",
    "gauges": {
        "PaddleBehavior.Policy.Entropy.mean": {
            "value": 1.4209582805633545,
            "min": 1.418938398361206,
            "max": 1.4209582805633545,
            "count": 4
        },
        "PaddleBehavior.Policy.Entropy.sum": {
            "value": 33889.85546875,
            "min": 22094.96875,
            "max": 35910.4921875,
            "count": 4
        },
        "PaddleBehavior.Environment.EpisodeLength.mean": {
            "value": 295.1470588235294,
            "min": 212.65,
            "max": 397.3103448275862,
            "count": 4
        },
        "PaddleBehavior.Environment.EpisodeLength.sum": {
            "value": 20070.0,
            "min": 17012.0,
            "max": 23044.0,
            "count": 4
        },
        "PaddleBehavior.Self-play.ELO.mean": {
            "value": 1193.2032497813852,
            "min": 1193.2032497813852,
            "max": 1197.7436277286129,
            "count": 4
        },
        "PaddleBehavior.Self-play.ELO.sum": {
            "value": 40568.9104925671,
            "min": 32253.980985816124,
            "max": 47909.74510914451,
            "count": 4
        },
        "PaddleBehavior.Policy.ExtrinsicValueEstimate.mean": {
            "value": -0.421495646238327,
            "min": -0.421495646238327,
            "max": 0.009276038967072964,
            "count": 4
        },
        "PaddleBehavior.Policy.ExtrinsicValueEstimate.sum": {
            "value": -14.752347946166992,
            "min": -14.752347946166992,
            "max": 0.38959363102912903,
            "count": 4
        },
        "PaddleBehavior.Environment.CumulativeReward.mean": {
            "value": -3.7675136581939808,
            "min": -4.416256931093004,
            "max": -2.458936792239547,
            "count": 4
        },
        "PaddleBehavior.Environment.CumulativeReward.sum": {
            "value": -128.09546437859535,
            "min": -128.09546437859535,
            "max": -98.35747168958187,
            "count": 4
        },
        "PaddleBehavior.Policy.ExtrinsicReward.mean": {
            "value": -3.7675136581939808,
            "min": -4.416256931093004,
            "max": -2.458936792239547,
            "count": 4
        },
        "PaddleBehavior.Policy.ExtrinsicReward.sum": {
            "value": -128.09546437859535,
            "min": -128.09546437859535,
            "max": -98.35747168958187,
            "count": 4
        },
        "PaddleBehavior.IsTraining.mean": {
            "value": 1.0,
            "min": 1.0,
            "max": 1.0,
            "count": 4
        },
        "PaddleBehavior.IsTraining.sum": {
            "value": 1.0,
            "min": 1.0,
            "max": 1.0,
            "count": 4
        },
        "PaddleBehavior.Losses.PolicyLoss.mean": {
            "value": 0.017465914025281866,
            "min": 0.017465914025281866,
            "max": 0.017465914025281866,
            "count": 1
        },
        "PaddleBehavior.Losses.PolicyLoss.sum": {
            "value": 0.017465914025281866,
            "min": 0.017465914025281866,
            "max": 0.017465914025281866,
            "count": 1
        },
        "PaddleBehavior.Losses.ValueLoss.mean": {
            "value": 0.1289827674627304,
            "min": 0.1289827674627304,
            "max": 0.1289827674627304,
            "count": 1
        },
        "PaddleBehavior.Losses.ValueLoss.sum": {
            "value": 0.1289827674627304,
            "min": 0.1289827674627304,
            "max": 0.1289827674627304,
            "count": 1
        },
        "PaddleBehavior.Policy.LearningRate.mean": {
            "value": 0.00029875230041589995,
            "min": 0.00029875230041589995,
            "max": 0.00029875230041589995,
            "count": 1
        },
        "PaddleBehavior.Policy.LearningRate.sum": {
            "value": 0.00029875230041589995,
            "min": 0.00029875230041589995,
            "max": 0.00029875230041589995,
            "count": 1
        },
        "PaddleBehavior.Policy.Epsilon.mean": {
            "value": 0.19958410000000001,
            "min": 0.19958410000000001,
            "max": 0.19958410000000001,
            "count": 1
        },
        "PaddleBehavior.Policy.Epsilon.sum": {
            "value": 0.19958410000000001,
            "min": 0.19958410000000001,
            "max": 0.19958410000000001,
            "count": 1
        },
        "PaddleBehavior.Policy.Beta.mean": {
            "value": 0.004979246589999999,
            "min": 0.004979246589999999,
            "max": 0.004979246589999999,
            "count": 1
        },
        "PaddleBehavior.Policy.Beta.sum": {
            "value": 0.004979246589999999,
            "min": 0.004979246589999999,
            "max": 0.004979246589999999,
            "count": 1
        }
    },
    "metadata": {
        "timer_format_version": "0.1.0",
        "start_time_seconds": "1614572860",
        "python_version": "3.7.9 (default, Aug 31 2020, 07:22:35) \n[Clang 10.0.0 ]",
        "command_line_arguments": "/Users/edwardli/anaconda3/envs/ml-agents/bin/mlagents-learn config/paddle_config.yaml --run-id=recurrent_np_timepenalty",
        "mlagents_version": "0.24.0",
        "mlagents_envs_version": "0.24.0",
        "communication_protocol_version": "1.4.0",
        "pytorch_version": "1.7.1",
        "numpy_version": "1.18.5",
        "end_time_seconds": "1614572942"
    },
    "total": 81.387751502,
    "count": 1,
    "self": 0.008475137999994331,
    "children": {
        "run_training.setup": {
            "total": 0.068650082,
            "count": 1,
            "self": 0.068650082
        },
        "TrainerController.start_learning": {
            "total": 81.310626282,
            "count": 1,
            "self": 1.1389098619993092,
            "children": {
                "TrainerController._reset_env": {
                    "total": 13.024955238,
                    "count": 1,
                    "self": 13.024955238
                },
                "TrainerController.advance": {
                    "total": 66.95792464500069,
                    "count": 5192,
                    "self": 0.07065655300091578,
                    "children": {
                        "env_step": {
                            "total": 66.88726809199977,
                            "count": 5192,
                            "self": 52.70738315499935,
                            "children": {
                                "SubprocessEnvManager._take_step": {
                                    "total": 14.112051697000556,
                                    "count": 5192,
                                    "self": 0.6310482629999044,
                                    "children": {
                                        "TorchPolicy.evaluate": {
                                            "total": 13.481003434000652,
                                            "count": 10234,
                                            "self": 2.4540990280007726,
                                            "children": {
                                                "TorchPolicy.sample_actions": {
                                                    "total": 11.026904405999879,
                                                    "count": 10234,
                                                    "self": 11.026904405999879
                                                }
                                            }
                                        }
                                    }
                                },
                                "workers": {
                                    "total": 0.0678332399998709,
                                    "count": 5191,
                                    "self": 0.0,