{
    "name": "root",
    "gauges": {
        "PaddleBehavior.Policy.Entropy.mean": {
            "value": 1.374496579170227,
            "min": 1.3717825412750244,
            "max": 1.4202117919921875,
            "count": 217
        },
        "PaddleBehavior.Policy.Entropy.sum": {
            "value": 24740.9375,
            "min": 22800.65625,
            "max": 48634.09375,
            "count": 217
        },
        "PaddleBehavior.Environment.EpisodeLength.mean": {
            "value": 5407.5,
            "min": 192.0,
            "max": 5407.5,
            "count": 217
        },
        "PaddleBehavior.Environment.EpisodeLength.sum": {
            "value": 10815.0,
            "min": 576.0,
            "max": 39191.0,
            "count": 217
        },
        "PaddleBehavior.Self-play.ELO.mean": {
            "value": 1433.0307849943079,
            "min": 1195.2308208547543,
            "max": 1433.0307849943079,
            "count": 210
        },
        "PaddleBehavior.Self-play.ELO.sum": {
            "value": 2866.0615699886157,
            "min": 1243.637602384086,
            "max": 44292.84262784369,
            "count": 210
        },
        "PaddleBehavior.Policy.ExtrinsicValueEstimate.mean": {
            "value": -0.3233790695667267,
            "min": -0.7472214102745056,
            "max": -0.07617634534835815,
            "count": 217
        },
        "PaddleBehavior.Policy.ExtrinsicValueEstimate.sum": {
            "value": -3.5571696758270264,
            "min": -25.899738311767578,
            "max": -2.589995861053467,
            "count": 217
        },
        "PaddleBehavior.Environment.CumulativeReward.mean": {
            "value": -17.67994624376297,
            "min": -29.178772389888763,
            "max": -0.09560546278953552,
            "count": 211
        },
        "PaddleBehavior.Environment.CumulativeReward.sum": {
            "value": -35.35989248752594,
            "min": -121.5801209807396,
            "max": -0.09560546278953552,
            "count": 211
        },
        "PaddleBehavior.Policy.ExtrinsicReward.mean": {
            "value": -17.67994624376297,
            "min": -29.178772389888763,
            "max": -0.09560546278953552,
            "count": 211
        },
        "PaddleBehavior.Policy.ExtrinsicReward.sum": {
            "value": -35.35989248752594,
            "min": -121.5801209807396,
            "max": -0.09560546278953552,
            "count": 211
        },
        "PaddleBehavior.IsTraining.mean": {
            "value": 1.0,
            "min": 1.0,
            "max": 1.0,
            "count": 217
        },
        "PaddleBehavior.IsTraining.sum": {
            "value": 1.0,
            "min": 1.0,
            "max": 1.0,
            "count": 217
        },
        "PaddleBehavior.Losses.PolicyLoss.mean": {
            "value": 0.026690902397967876,
            "min": 0.016822023782879114,
            "max": 0.03369746330038955,
            "count": 199
        },
        "PaddleBehavior.Losses.PolicyLoss.sum": {
            "value": 0.026690902397967876,
            "min": 0.016822023782879114,
            "max": 0.03369746330038955,
            "count": 199
        },
        "PaddleBehavior.Losses.ValueLoss.mean": {
            "value": 0.001028747548116371,
            "min": 0.001028747548116371,
            "max": 0.21327468107144038,
            "count": 199
        },
        "PaddleBehavior.Losses.ValueLoss.sum": {
            "value": 0.001028747548116371,
            "min": 0.001028747548116371,
            "max": 0.21327468107144038,
            "count": 199
        },
        "PaddleBehavior.Policy.LearningRate.mean": {
            "value": 0.00017017690327438,
            "min": 0.00017017690327438,
            "max": 0.0002993853602048801,
            "count": 199
        },
        "PaddleBehavior.Policy.LearningRate.sum": {
            "value": 0.00017017690327438,
            "min": 0.00017017690327438,
            "max": 0.0002993853602048801,
            "count": 199
        },
        "PaddleBehavior.Policy.Epsilon.mean": {
            "value": 0.15672561999999998,
            "min": 0.15672561999999998,
            "max": 0.19979512000000005,
            "count": 199
        },
        "PaddleBehavior.Policy.Epsilon.sum": {
            "value": 0.15672561999999998,
            "min": 0.15672561999999998,
            "max": 0.19979512000000005,
            "count": 199
        },
        "PaddleBehavior.Policy.Beta.mean": {
            "value": 0.002840608438000001,
            "min": 0.002840608438000001,
            "max": 0.004989776488000001,
            "count": 199
        },
        "PaddleBehavior.Policy.Beta.sum": {
            "value": 0.002840608438000001,
            "min": 0.002840608438000001,
            "max": 0.004989776488000001,
            "count": 199
        }
    },
    "metadata": {
        "timer_format_version": "0.1.0",
        "start_time_seconds": "1614490466",
        "python_version": "3.7.9 (default, Aug 31 2020, 07:22:35) \n[Clang 10.0.0 ]",
        "command_line_arguments": "/Users/edwardli/anaconda3/envs/ml-agents/bin/mlagents-learn config/paddle_config.yaml --run-id=cappedvelocity --force",
        "mlagents_version": "0.24.0",
        "mlagents_envs_version": "0.24.0",
        "communication_protocol_version": "1.4.0",
        "pytorch_version": "1.7.1",
        "numpy_version": "1.18.5",
        "end_time_seconds": "1614492994"
    },
    "total": 2527.51060438,
    "count": 1,
    "self": 0.009232695999799034,
    "children": {
        "run_training.setup": {
            "total": 0.05229093900000015,
            "count": 1,
            "self": 0.05229093900000015
        },
        "TrainerController.start_learning": {
            "total": 2527.449080745,
            "count": 1,
            "self": 6.078493630978301,
            "children": {
                "TrainerController._reset_env": {
                    "total": 7.23145004599958,
                    "count": 22,
                    "self": 7.23145004599958
                },
                "TrainerController.advance": {
                    "total": 2514.0522734510228,
                    "count": 251412,
                    "self": 6.93265231405212,
                    "children": {
                        "env_step": {
                            "total": 2055.7607941359865,
                            "count": 251412,
                            "self": 1651.1419901490353,
                            "children": {
                                "SubprocessEnvManager._take_step": {
                                    "total": 400.86233286899466,
                                    "count": 251412,
                                    "self": 34.12602667203254,
                                    "children": {
                                        "TorchPolicy.evaluate": {
                                            "total": 366.7363061969621,
                                            "count": 500498,
                                            "self": 74.58890316998855,
                                            "children": {
                                                "TorchPolicy.sample_actions": {
                                                    "total": 292.14740302697356,
                                                    "count": 500498,
                                                    "self": 292.14740302697356
                                                }
                                            }
                                        }
                                    }
                                },
                                "workers": {
                                    "total": 3.756471117956453,
                                    "count": 251411,
                                    "self": 0.0,