{
    "name": "root",
    "gauges": {
        "PaddleBehavior.Policy.Entropy.mean": {
            "value": 1.4192739725112915,
            "min": 1.4189382791519165,
            "max": 1.4194049835205078,
            "count": 3
        },
        "PaddleBehavior.Environment.EpisodeLength.mean": {
            "value": 433.69565217391306,
            "min": 350.05357142857144,
            "max": 433.69565217391306,
            "count": 3
        },
        "PaddleBehavior.Self-play.ELO.mean": {
            "value": 1210.5758480798959,
            "min": 1202.8944017102835,
            "max": 1210.5758480798959,
            "count": 3
        },
        "PaddleBehavior.Policy.ExtrinsicValueEstimate.mean": {
            "value": -0.2751343846321106,
            "min": -0.2751343846321106,
            "max": -0.03265132009983063,
            "count": 3
        },
        "PaddleBehavior.Environment.CumulativeReward.mean": {
            "value": -2.454111609769904,
            "min": -2.596994758844376,
            "max": -2.234871755838394,
            "count": 3
        },
        "PaddleBehavior.Policy.ExtrinsicReward.mean": {
            "value": -2.454111609769904,
            "min": -2.596994758844376,
            "max": -2.234871755838394,
            "count": 3
        },
        "PaddleBehavior.IsTraining.mean": {
            "value": 1.0,
            "min": 1.0,
            "max": 1.0,
            "count": 3
        },
        "PaddleBehavior.Losses.PolicyLoss.mean": {
            "value": 0.024813451462735732,
            "min": 0.023526047185684244,
            "max": 0.024813451462735732,
            "count": 2
        },
        "PaddleBehavior.Losses.ValueLoss.mean": {
            "value": 0.16183847586313885,
            "min": 0.16183847586313885,
            "max": 0.2554608330130577,
            "count": 2
        },
        "PaddleBehavior.Policy.LearningRate.mean": {
            "value": 0.0002987067004310999,
            "min": 0.0002987067004310999,
            "max": 0.00029932806022397996,
            "count": 2
        },
        "PaddleBehavior.Policy.Epsilon.mean": {
            "value": 0.19956890000000002,
            "min": 0.19956890000000002,
            "max": 0.19977601999999994,
            "count": 2
        },
        "PaddleBehavior.Policy.Beta.mean": {
            "value": 0.004978488110000002,
            "min": 0.004978488110000002,
            "max": 0.004988823397999999,
            "count": 2
        }
    },
    "metadata": {
        "timer_format_version": "0.1.0",
        "start_time_seconds": "1614426222",
        "python_version": "3.7.9 (default, Aug 31 2020, 07:22:35) \n[Clang 10.0.0 ]",
        "command_line_arguments": "/Users/edwardli/anaconda3/envs/ml-agents/bin/mlagents-learn config/paddle_config.yaml --run-id=spinreduce --force",
        "mlagents_version": "0.23.0",
        "mlagents_envs_version": "0.23.0",
        "communication_protocol_version": "1.3.0",
        "pytorch_version": "1.7.1",
        "numpy_version": "1.18.5",
        "end_time_seconds": "1614426390"
    },
    "total": 168.538943172,
    "count": 1,
    "self": 0.010001626999979862,
    "children": {
        "run_training.setup": {
            "total": 0.01673916700000011,
            "count": 1,
            "self": 0.01673916700000011
        },
        "TrainerController.start_learning": {
            "total": 168.512202378,
            "count": 1,
            "self": 0.4405181889992207,
            "children": {
                "TrainerController._reset_env": {
                    "total": 14.362391916000002,
                    "count": 1,
                    "self": 14.362391916000002
                },
                "TrainerController.advance": {
                    "total": 153.4462779330008,
                    "count": 12493,
                    "self": 0.4301480610006365,
                    "children": {
                        "env_step": {
                            "total": 133.3838445960003,
                            "count": 12493,
                            "self": 110.01673559500064,
                            "children": {
                                "SubprocessEnvManager._take_step": {
                                    "total": 23.164006904000267,
                                    "count": 12493,
                                    "self": 1.9247000580006173,
                                    "children": {
                                        "TorchPolicy.evaluate": {
                                            "total": 21.23930684599965,
                                            "count": 24674,
                                            "self": 4.399870655998367,
                                            "children": {
                                                "TorchPolicy.sample_actions": {
                                                    "total": 16.839436190001283,
                                                    "count": 24674,
                                                    "self": 16.839436190001283
                                                }
                                            }
                                        }
                                    }
                                },
                                "workers": {
                                    "total": 0.20310209699939463,
                                    "count": 12492,
                                    "self": 0.0,
                                    "children": {
                                        "worker_root": {
                                            "total": 167.64428591600054,
                                            "count": 12492,
                                            "is_parallel": true,
                                            "self": 75.68979864300027,
                                            "children": {
                                                "run_training.setup": {
                                                    "total": 0.0,
                                                    "count": 0,
                                                    "is_parallel": true,
                                                    "self": 0.0,
                                                    "children": {
                                                        "steps_from_proto": {
                                                            "total": 0.004112315999996952,
                                                            "count": 2,
                                                            "is_parallel": true,
                                                            "self": 0.0006427870000003111,
                                                            "children": {
                                                                "_process_vector_observation": {
                                                                    "total": 0.0034695289999966406,
                                                                    "count": 4,
                                                                    "is_parallel": true,
                                                                    "self": 0.0034695289999966406
                                                                }
                                                            }
                                                        },
                                                        "UnityEnvironment.step": {
                                                            "total": 0.21011410600000247,
                                                            "count": 1,
                                                            "is_parallel": true,
                                                            "self": 0.00022907900000390669,