{
    "name": "root",
    "gauges": {
        "PaddleBehavior.Policy.Entropy.mean": {
            "value": 1.3780897855758667,
            "min": 1.3742378950119019,
            "max": 1.4189382791519165,
            "count": 500
        },
        "PaddleBehavior.Environment.EpisodeLength.mean": {
            "value": 429.9130434782609,
            "min": 264.07575757575756,
            "max": 562.6842105263158,
            "count": 500
        },
        "PaddleBehavior.Self-play.ELO.mean": {
            "value": 2609.373041898731,
            "min": 1205.5155811011593,
            "max": 2609.373041898731,
            "count": 500
        },
        "PaddleBehavior.Policy.ExtrinsicValueEstimate.mean": {
            "value": -0.4818219244480133,
            "min": -0.6365667581558228,
            "max": -0.08230014145374298,
            "count": 500
        },
        "PaddleBehavior.Environment.CumulativeReward.mean": {
            "value": -3.815940077367582,
            "min": -3.88680409722858,
            "max": -0.48623760436710556,
            "count": 500
        },
        "PaddleBehavior.Policy.ExtrinsicReward.mean": {
            "value": -3.815940077367582,
            "min": -3.88680409722858,
            "max": -0.48623760436710556,
            "count": 500
        },
        "PaddleBehavior.IsTraining.mean": {
            "value": 1.0,
            "min": 1.0,
            "max": 1.0,
            "count": 500
        },
        "PaddleBehavior.Losses.PolicyLoss.mean": {
            "value": 0.02599402009509504,
            "min": 0.013754791968191663,
            "max": 0.035662839903185764,
            "count": 474
        },
        "PaddleBehavior.Losses.ValueLoss.mean": {
            "value": 0.1314601903160413,
            "min": 0.04655911289155483,
            "max": 0.2729306275645892,
            "count": 474
        },
        "PaddleBehavior.Policy.LearningRate.mean": {
            "value": 7.54599748800021e-08,
            "min": 7.54599748800021e-08,
            "max": 0.00029936724021092004,
            "count": 474
        },
        "PaddleBehavior.Policy.Epsilon.mean": {
            "value": 0.10002512000000004,
            "min": 0.10002512000000004,
            "max": 0.1997890800000001,
            "count": 474
        },
        "PaddleBehavior.Policy.Beta.mean": {
            "value": 1.1253488000000033e-05,
            "min": 1.1253488000000033e-05,
            "max": 0.0049894750920000015,
            "count": 474
        }
    },
    "metadata": {
        "timer_format_version": "0.1.0",
        "start_time_seconds": "1614426600",
        "python_version": "3.7.9 (default, Aug 31 2020, 07:22:35) \n[Clang 10.0.0 ]",
        "command_line_arguments": "/Users/edwardli/anaconda3/envs/ml-agents/bin/mlagents-learn config/paddle_config.yaml --run-id=spinreduce --force",
        "mlagents_version": "0.23.0",
        "mlagents_envs_version": "0.23.0",
        "communication_protocol_version": "1.3.0",
        "pytorch_version": "1.7.1",
        "numpy_version": "1.18.5",
        "end_time_seconds": "1614439184"
    },
    "total": 12583.567956445,
    "count": 1,
    "self": 0.05016649699973641,
    "children": {
        "run_training.setup": {
            "total": 0.01324518600000002,
            "count": 1,
            "self": 0.01324518600000002
        },
        "TrainerController.start_learning": {
            "total": 12583.504544762,
            "count": 1,
            "self": 20.190442424331195,
            "children": {
                "TrainerController._reset_env": {
                    "total": 16.004116757001345,
                    "count": 50,
                    "self": 16.004116757001345
                },
                "TrainerController.advance": {
                    "total": 12547.186853174668,
                    "count": 589388,
                    "self": 20.511526147087352,
                    "children": {
                        "env_step": {
                            "total": 10924.635571221563,
                            "count": 589388,
                            "self": 9866.578177980571,
                            "children": {
                                "SubprocessEnvManager._take_step": {
                                    "total": 1048.1365033421566,
                                    "count": 589388,
                                    "self": 88.83372877812167,
                                    "children": {
                                        "TorchPolicy.evaluate": {
                                            "total": 959.302774564035,
                                            "count": 1138076,
                                            "self": 195.34805892431348,
                                            "children": {
                                                "TorchPolicy.sample_actions": {
                                                    "total": 763.9547156397215,
                                                    "count": 1138076,
                                                    "self": 763.9547156397215
                                                }
                                            }
                                        }
                                    }
                                },
                                "workers": {
                                    "total": 9.920889898835199,
                                    "count": 589388,
                                    "self": 0.0,
                                    "children": {
                                        "worker_root": {
                                            "total": 12557.996874863155,
                                            "count": 589388,
                                            "is_parallel": true,
                                            "self": 3720.0208577223693,
                                            "children": {
                                                "run_training.setup": {
                                                    "total": 0.0,
                                                    "count": 0,
                                                    "is_parallel": true,
                                                    "self": 0.0,
                                                    "children": {
                                                        "steps_from_proto": {
                                                            "total": 0.0038509439999998563,
                                                            "count": 2,
                                                            "is_parallel": true,
                                                            "self": 0.0005511019999957512,
                                                            "children": {
                                                                "_process_vector_observation": {
                                                                    "total": 0.003299842000004105,
                                                                    "count": 4,
                                                                    "is_parallel": true,
                                                                    "self": 0.003299842000004105
                                                                }
                                                            }
                                                        },
                                                        "UnityEnvironment.step": {
                                                            "total": 0.19373326399999868,
                                                            "count": 1,
                                                            "is_parallel": true,
                                                            "self": 0.0002696269999944434,