{
    "name": "root",
    "gauges": {
        "PaddleBehavior.Policy.Entropy.mean": {
            "value": 1.2380789518356323,
            "min": 1.2270846366882324,
            "max": 1.418986439704895,
            "count": 285
        },
        "PaddleBehavior.Policy.Entropy.sum": {
            "value": 25539.09375,
            "min": 18441.392578125,
            "max": 42644.3046875,
            "count": 285
        },
        "PaddleBehavior.Environment.EpisodeLength.mean": {
            "value": 444.4117647058824,
            "min": 85.71794871794872,
            "max": 1454.4285714285713,
            "count": 285
        },
        "PaddleBehavior.Environment.EpisodeLength.sum": {
            "value": 15110.0,
            "min": 7296.0,
            "max": 43372.0,
            "count": 285
        },
        "PaddleBehavior.Self-play.ELO.mean": {
            "value": 617.6249027020176,
            "min": 617.6249027020176,
            "max": 1187.2434319709437,
            "count": 285
        },
        "PaddleBehavior.Self-play.ELO.sum": {
            "value": 10499.623345934298,
            "min": 4171.107253628896,
            "max": 129032.79950510655,
            "count": 285
        },
        "PaddleBehavior.Policy.ExtrinsicValueEstimate.mean": {
            "value": -0.4558040499687195,
            "min": -0.8315265774726868,
            "max": 0.04786739498376846,
            "count": 285
        },
        "PaddleBehavior.Policy.ExtrinsicValueEstimate.sum": {
            "value": -10.027688980102539,
            "min": -88.44734954833984,
            "max": 5.121811389923096,
            "count": 285
        },
        "PaddleBehavior.Environment.CumulativeReward.mean": {
            "value": -3.1413252143298878,
            "min": -6.696783012151718,
            "max": -1.2818406380358196,
            "count": 285
        },
        "PaddleBehavior.Environment.CumulativeReward.sum": {
            "value": -53.40252864360809,
            "min": -200.29144608974457,
            "max": -22.59738764166832,
            "count": 285
        },
        "PaddleBehavior.Policy.ExtrinsicReward.mean": {
            "value": -3.1413252143298878,
            "min": -6.696783012151718,
            "max": -1.2818406380358196,
            "count": 285
        },
        "PaddleBehavior.Policy.ExtrinsicReward.sum": {
            "value": -53.40252864360809,
            "min": -200.29144608974457,
            "max": -22.59738764166832,
            "count": 285
        },
        "PaddleBehavior.IsTraining.mean": {
            "value": 1.0,
            "min": 1.0,
            "max": 1.0,
            "count": 285
        },
        "PaddleBehavior.IsTraining.sum": {
            "value": 1.0,
            "min": 1.0,
            "max": 1.0,
            "count": 285
        },
        "PaddleBehavior.Losses.PolicyLoss.mean": {
            "value": 0.01299167461693287,
            "min": 0.01270885548631971,
            "max": 0.03444942514567326,
            "count": 270
        },
        "PaddleBehavior.Losses.PolicyLoss.sum": {
            "value": 0.01299167461693287,
            "min": 0.01270885548631971,
            "max": 0.03444942514567326,
            "count": 270
        },
        "PaddleBehavior.Losses.ValueLoss.mean": {
            "value": 0.02726177703589201,
            "min": 0.009393054122726122,
            "max": 0.24355131636063257,
            "count": 270
        },
        "PaddleBehavior.Losses.ValueLoss.sum": {
            "value": 0.02726177703589201,
            "min": 0.009393054122726122,
            "max": 0.24355131636063257,
            "count": 270
        },
        "PaddleBehavior.Policy.LearningRate.mean": {
            "value": 0.00012926165691280002,
            "min": 0.00012926165691280002,
            "max": 0.00029938110020629995,
            "count": 270
        },
        "PaddleBehavior.Policy.LearningRate.sum": {
            "value": 0.00012926165691280002,
            "min": 0.00012926165691280002,
            "max": 0.00029938110020629995,
            "count": 270
        },
        "PaddleBehavior.Policy.Epsilon.mean": {
            "value": 0.14308720000000003,
            "min": 0.14308720000000003,
            "max": 0.19979369999999996,
            "count": 270
        },
        "PaddleBehavior.Policy.Epsilon.sum": {
            "value": 0.14308720000000003,
            "min": 0.14308720000000003,
            "max": 0.19979369999999996,
            "count": 270
        },
        "PaddleBehavior.Policy.Beta.mean": {
            "value": 0.0021600512800000003,
            "min": 0.0021600512800000003,
            "max": 0.00498970563,
            "count": 270
        },
        "PaddleBehavior.Policy.Beta.sum": {
            "value": 0.0021600512800000003,
            "min": 0.0021600512800000003,
            "max": 0.00498970563,
            "count": 270
        }
    },
    "metadata": {
        "timer_format_version": "0.1.0",
        "start_time_seconds": "1614506548",
        "python_version": "3.7.9 (default, Aug 31 2020, 07:22:35) \n[Clang 10.0.0 ]",
        "command_line_arguments": "/Users/edwardli/anaconda3/envs/ml-agents/bin/mlagents-learn config/paddle_config.yaml --run-id=lowerpenalty",
        "mlagents_version": "0.24.0",
        "mlagents_envs_version": "0.24.0",
        "communication_protocol_version": "1.4.0",
        "pytorch_version": "1.7.1",
        "numpy_version": "1.18.5",
        "end_time_seconds": "1614510559"
    },
    "total": 4010.830705808,
    "count": 1,
    "self": 0.007981063999977778,
    "children": {
        "run_training.setup": {
            "total": 0.06829916999999996,
            "count": 1,
            "self": 0.06829916999999996
        },
        "TrainerController.start_learning": {
            "total": 4010.754425574,
            "count": 1,
            "self": 8.450546334832325,
            "children": {
                "TrainerController._reset_env": {
                    "total": 13.0931011299992,
                    "count": 29,
                    "self": 13.0931011299992
                },
                "TrainerController.advance": {
                    "total": 3989.131570766169,
                    "count": 329927,
                    "self": 9.137329141241025,
                    "children": {
                        "env_step": {
                            "total": 3363.9048840519954,
                            "count": 329927,
                            "self": 2827.502427273852,
                            "children": {
                                "SubprocessEnvManager._take_step": {
                                    "total": 531.3847511300314,
                                    "count": 329927,
                                    "self": 45.3390660530265,
                                    "children": {
                                        "TorchPolicy.evaluate": {
                                            "total": 486.0456850770049,
                                            "count": 650618,
                                            "self": 98.54314636616078,
                                            "children": {
                                                "TorchPolicy.sample_actions": {
                                                    "total": 387.50253871084414,
                                                    "count": 650618,
                                                    "self": 387.50253871084414
                                                }
                                            }
                                        }
                                    }
                                },
                                "workers": {
                                    "total": 5.017705648111992,
                                    "count": 329926,
                                    "self": 0.0,